candidato,config,head,input_type,pooling,modelo_fusion,auc,auc_lo,auc_hi,ap,ap_lo,ap_hi,brier,ece,delta_vs_base,p_delong_vs_base
M_A_gg__mlp,M_A_gg,mlp,A,gg,NINGUNO_base,0.6866402053145872,0.6288502034454628,0.7417284424079654,0.24223041852272587,0.15629538915727792,0.332148817035394,0.19434700906276703,0.38114892782270904,0.0,
M_A_gg__mlp,M_A_gg,mlp,A,gg,logreg,0.6939197338986923,0.6355641887268794,0.7467467059770175,0.23784214137327991,0.15316667751709642,0.32654139060124987,0.21694202578002517,0.4112585505540831,0.007279528584105299,0.5721915438892569
M_A_gg__mlp,M_A_gg,mlp,A,gg,histgb,0.6270782522755168,0.5630778389456108,0.6911068762050017,0.21947186543030084,0.1378434547976179,0.3078346126996601,0.18886140247912445,0.3457190885138756,-0.05956195303907019,0.019433096675432582
M_A_gg__mlp,M_A_gg,mlp,A,gg,mlp,0.6840844000233794,0.6216599215965457,0.7395209360567503,0.22772309822767162,0.14783940061576592,0.31569435538242424,0.0433969646692276,0.007907031510025262,-0.002555805291207469,0.8493985561707698
M_A_22__xgb,M_A_22,xgb,A,22,NINGUNO_base,0.6813346510874129,0.6180705903366948,0.743978984404738,0.30356628318754875,0.21353524528939996,0.38811885029328697,0.11747083812952042,0.27545035576075316,0.0,
M_A_22__xgb,M_A_22,xgb,A,22,logreg,0.6784122126047429,0.6192616652831908,0.7370362076797646,0.28662355855555255,0.1988165827328607,0.36924700459184673,0.2223667715888951,0.4222172100760048,-0.0029224384826699312,0.8640497557877547
M_A_22__xgb,M_A_22,xgb,A,22,histgb,0.6483536044293541,0.5812881551666371,0.7092240462228758,0.2789715512393879,0.19176289200708432,0.361895397900811,0.1555006950561226,0.3049111235731796,-0.03298104665805868,0.3886898811776769
M_A_22__xgb,M_A_22,xgb,A,22,mlp,0.6481729445958799,0.582966950534433,0.708614059218474,0.2866029261364277,0.19772963629845483,0.37085071282211995,0.041658926755189896,0.006170823421329258,-0.03316170649153283,0.32971316938068784
M_AB_gg__histgb,M_AB_gg,histgb,AB,gg,NINGUNO_base,0.6810583478126877,0.6189028532675758,0.7411583269857945,0.2915445089371626,0.20523321008203,0.3774845130379251,0.06486936658620834,0.1467841762751341,0.0,
M_AB_gg__histgb,M_AB_gg,histgb,AB,gg,logreg,0.6829127678680545,0.6227455989997382,0.7402390587227134,0.29121819836937707,0.2035329123742794,0.3745545617924349,0.2146292193932536,0.41086642425584596,0.0018544200553670676,0.8998099573658598
M_AB_gg__histgb,M_AB_gg,histgb,AB,gg,histgb,0.6579949946599079,0.5974341814492323,0.7187352427953144,0.27537325613939734,0.18763135264440006,0.3602209457361723,0.17769576198274276,0.33733405466632305,-0.023063353152779742,0.44441871034788205
M_AB_gg__histgb,M_AB_gg,histgb,AB,gg,mlp,0.6809573908469226,0.6206489729735117,0.7408956350205523,0.2933613460141438,0.20577690443790497,0.379598200555362,0.041494596749544144,0.011971973350271583,-0.00010095696576506441,0.9943267101273905
M_A_22__rf,M_A_22,rf,A,22,NINGUNO_base,0.6802692894223668,0.6209678862692507,0.737358809078266,0.2846723778471411,0.19352320882839114,0.36771896777049945,0.040671125054359436,0.010673522526398305,0.0,
M_A_22__rf,M_A_22,rf,A,22,logreg,0.6780588632245655,0.619197775366157,0.734885836851991,0.28389791598132585,0.19253739887963034,0.3667489293578395,0.20744688174899,0.40339061976124924,-0.0022104261978014295,0.8760773970718441
M_A_22__rf,M_A_22,rf,A,22,histgb,0.6219294470215038,0.5532152838008855,0.6930117151579107,0.26210925903059634,0.17873164574017691,0.34707541539277303,0.18146278526152135,0.3345632381217769,-0.058339842400862985,0.06743170673190257
M_A_22__rf,M_A_22,rf,A,22,mlp,0.6779951009303982,0.6204101173591476,0.7355371808267814,0.2853890958179721,0.1936831554572435,0.36894389261364885,0.03972151502966881,0.008331728890538216,-0.0022741884919688093,0.8835673425634771
M_A_gg__logreg_en,M_A_gg,logreg_en,A,gg,NINGUNO_base,0.6763107136594775,0.6164536130471902,0.7370832377385884,0.2250643042270448,0.14318186547361272,0.3070693300400862,0.15307635068893433,0.2793172119203955,0.0,
M_A_gg__logreg_en,M_A_gg,logreg_en,A,gg,logreg,0.675194873511549,0.6175276126394137,0.7310677753325976,0.18324068572940588,0.11562876830512273,0.2720360019795921,0.23511210111542544,0.4305351179796986,-0.0011158401479286484,0.9476426147302164
M_A_gg__logreg_en,M_A_gg,logreg_en,A,gg,histgb,0.6338131445969426,0.57325755468216,0.6929444652277401,0.18286642912650436,0.11279633799289882,0.2701381062908709,0.1963534480066885,0.3557233834454897,-0.04249756906253488,0.18436154268138139
M_A_gg__logreg_en,M_A_gg,logreg_en,A,gg,mlp,0.5273673080090755,0.4675607574439374,0.5840953935163588,0.05354076346083303,0.04201537407976492,0.06975028018967486,0.04749281704425812,0.012666496459394695,-0.1489434056504021,8.414494852893029e-05
M_AB_gg__lgbm,M_AB_gg,lgbm,AB,gg,NINGUNO_base,0.6758138991174236,0.6131917275518369,0.7325254167084115,0.27864951909254143,0.19026737200415977,0.36434693016749803,0.043961409479379654,0.026218500075861816,0.0,
M_AB_gg__lgbm,M_AB_gg,lgbm,AB,gg,logreg,0.6746236696262997,0.6142845063303594,0.7313795335162676,0.26271502783423395,0.17788254215653226,0.3470174078330922,0.22990392957665137,0.43036486898695336,-0.0011902294911239064,0.9397005506880267
M_AB_gg__lgbm,M_AB_gg,lgbm,AB,gg,histgb,0.5569105043066116,0.4944137558510153,0.6198733665714575,0.06361578080231287,0.04831801938097144,0.09008752944187787,0.16975435943905126,0.30480641604763953,-0.11890339481081214,0.005408442272595293
M_AB_gg__lgbm,M_AB_gg,lgbm,AB,gg,mlp,0.6215575003055277,0.5683460625125031,0.6707310890025127,0.06657588246851032,0.05256012221838605,0.08794492994712444,0.047018226236104965,0.014354081127792597,-0.054256398811896034,0.005483968429404129
M_A_gg__logreg_l1,M_A_gg,logreg_l1,A,gg,NINGUNO_base,0.672851609200899,0.6119889205352899,0.7345272739576382,0.20474540375598238,0.127634141736253,0.28954268503600894,0.14557494223117828,0.26448488351330157,0.0,
M_A_gg__logreg_l1,M_A_gg,logreg_l1,A,gg,logreg,0.6738718059075766,0.6177297518771016,0.730009901127757,0.17454240226543005,0.10859187856494366,0.26210611080387236,0.2351579349911294,0.43084394714010626,0.001020196706677412,0.953603350708166
M_A_gg__logreg_l1,M_A_gg,logreg_l1,A,gg,histgb,0.6383429242450811,0.5793609924036988,0.6949500563409855,0.1580745654846296,0.09882612865276255,0.2370984906051362,0.1918301188599038,0.35374421204893797,-0.03450868495581805,0.3016335093024036
M_A_gg__logreg_l1,M_A_gg,logreg_l1,A,gg,mlp,0.5394343221802453,0.4824604493148027,0.5955342111099838,0.05539329369493749,0.043247465026905234,0.07402288265543372,0.047408998012542725,0.012127108316868545,-0.1334172870206537,0.0003146917274534644
M_AB_gg__mlp,M_AB_gg,mlp,AB,gg,NINGUNO_base,0.6709281133268508,0.6103779993929888,0.7281396483140654,0.22740009131160577,0.15153521588714272,0.31696379087255416,0.1909918189048767,0.3733294080719352,0.0,
M_AB_gg__mlp,M_AB_gg,mlp,AB,gg,logreg,0.6785636480533903,0.6179557385223087,0.7324116302853378,0.229329346628631,0.15033625236798526,0.32142445713625983,0.21445944110950504,0.4063184928932979,0.007635534726539439,0.4969174891166608
M_AB_gg__mlp,M_AB_gg,mlp,AB,gg,histgb,0.6413184979728904,0.5821884014297949,0.6999604643749224,0.19077389024163594,0.11801523031203456,0.27127059422749805,0.18457723941809062,0.3336081588743512,-0.02960961535396045,0.18392063868387742
M_AB_gg__mlp,M_AB_gg,mlp,AB,gg,mlp,0.671592303891094,0.608856926110069,0.7272973340035027,0.20917374944438194,0.13394775492336894,0.30328041850779575,0.04395446181297302,0.00614002066478133,0.0006641905642431611,0.9542240665117194
M_A_gg__histgb,M_A_gg,histgb,A,gg,NINGUNO_base,0.6691666799504778,0.6095423704489044,0.7313064800041644,0.28462772918818985,0.1966630573857513,0.3702454101059227,0.07129871100187302,0.1643649132326245,0.0,
M_A_gg__histgb,M_A_gg,histgb,A,gg,logreg,0.6740816901258774,0.6143997856392694,0.7336864226092276,0.2831483321233475,0.19639481097241063,0.3675400822942287,0.2159409379139749,0.41211553812296076,0.004915010175399304,0.7249543445982363
M_A_gg__histgb,M_A_gg,histgb,A,gg,histgb,0.6481118390639695,0.5928806930200302,0.7082236971892194,0.26197948073559063,0.1786395303612916,0.3518173818727472,0.18681841529913118,0.3506274404553187,-0.021054840886508663,0.45532002336075195
M_A_gg__histgb,M_A_gg,histgb,A,gg,mlp,0.6735397106254549,0.6157680784692521,0.7323797895018367,0.2726626122915387,0.18714968759736347,0.3600208604576021,0.04141148552298546,0.015080583654344082,0.004373030674976852,0.7694308385690467
M_A_gg__rf,M_A_gg,rf,A,gg,NINGUNO_base,0.6660609248720769,0.6091983508837154,0.7244722799463502,0.2901660394713571,0.20554846234013618,0.3763871235404368,0.04061979800462723,0.015469603545963764,0.0,
M_A_gg__rf,M_A_gg,rf,A,gg,logreg,0.6697803920318386,0.6124210672180446,0.7305553988325127,0.29003260274885834,0.20206166252441388,0.3765537047877566,0.21140538850974747,0.40873924408712736,0.003719467159761791,0.7919477774057255
M_A_gg__rf,M_A_gg,rf,A,gg,histgb,0.6138103815641954,0.5502347118881008,0.6782981279135589,0.27105804488372154,0.1832645688152382,0.35389768887212614,0.19367808623107893,0.34975407408590475,-0.05225054330788148,0.09481328369391195
M_A_gg__rf,M_A_gg,rf,A,gg,mlp,0.6727240846125644,0.6158069105294669,0.7306001714628327,0.2919324634458026,0.20712098668871654,0.37843354256507533,0.04084058478474617,0.008730457343161108,0.006663159740487479,0.6363526655289995
M_A_22__histgb,M_A_22,histgb,A,22,NINGUNO_base,0.6653462558249512,0.6024721103830284,0.7325476067014061,0.29974673316213185,0.21133789478088053,0.386144339296348,0.04696125164628029,0.07276067572832107,0.0,
M_A_22__histgb,M_A_22,histgb,A,22,logreg,0.6716109012268928,0.6096873055957718,0.7344885807357916,0.29949723198255235,0.20917415209276122,0.3859450646111316,0.21107381906565587,0.4076909403764013,0.006264645401941604,0.5765026324914093
M_A_22__histgb,M_A_22,histgb,A,22,histgb,0.6837337074054591,0.6212305845518277,0.7424165200889573,0.2963268251600695,0.20794752941125744,0.3797860216730727,0.1917300465691568,0.36093975704616094,0.01838745158050792,0.6114152677044828
M_A_22__histgb,M_A_22,histgb,A,22,mlp,0.6633961923283334,0.6023004156161247,0.7249474157749652,0.2836837844442212,0.1965358264766147,0.3709458063023717,0.04106763377785683,0.009538071088492871,-0.0019500634966179708,0.8716476181683563
M_A_gg__logreg_l2,M_A_gg,logreg_l2,A,gg,NINGUNO_base,0.6643234023560168,0.6053802075390797,0.7245715782827741,0.17673830744987543,0.11007397036428818,0.25122439342602865,0.12444217503070831,0.19958979115635156,0.0,
M_A_gg__logreg_l2,M_A_gg,logreg_l2,A,gg,logreg,0.6638106472404209,0.6071396413363523,0.7217716838257281,0.15411151490911373,0.09929078594858116,0.24302802606644258,0.23762876164054278,0.4334975182379198,-0.0005127551155956755,0.9769630093296935
M_A_gg__logreg_l2,M_A_gg,logreg_l2,A,gg,histgb,0.6270915360868017,0.5702792598603421,0.6855776779830544,0.1353077275254681,0.08543139292399533,0.20518161877117108,0.20013185378871093,0.3607421174758056,-0.03723186626921493,0.2806959552831516
M_A_gg__logreg_l2,M_A_gg,logreg_l2,A,gg,mlp,0.5576065760179385,0.504693733135927,0.6081552161814533,0.05614915028139816,0.04482285972989631,0.0747717037436372,0.047275494784116745,0.012072565760463476,-0.10671682633807833,0.0010927967926928073
M_AB_gg__logreg_en,M_AB_gg,logreg_en,AB,gg,NINGUNO_base,0.6620439003395342,0.5972647890452343,0.7199784110561529,0.23200497281196025,0.15241584105578468,0.31747103527807463,0.15611249208450317,0.28778925468772654,0.0,
M_AB_gg__logreg_en,M_AB_gg,logreg_en,AB,gg,logreg,0.6661778224113838,0.607024939186177,0.719810180024851,0.1837125533699955,0.11334864324797983,0.2739949336990615,0.23359652231419567,0.42704918452537405,0.004133922071849483,0.7828848752332653
M_AB_gg__logreg_en,M_AB_gg,logreg_en,AB,gg,histgb,0.622394380416474,0.5631317652685214,0.6781346486465708,0.16908872603152977,0.10288452461566158,0.25279540281961277,0.19794646497385998,0.3601096799235593,-0.039649519923060206,0.19953684715606945
M_AB_gg__logreg_en,M_AB_gg,logreg_en,AB,gg,mlp,0.5236584678983416,0.46416083977770556,0.5789550959461944,0.052010804222748744,0.04131586589731595,0.06748820940408173,0.047509826719760895,0.012128050819039345,-0.1383854324411926,0.00016132286669923168
M_AB_22__histgb,M_AB_22,histgb,AB,22,NINGUNO_base,0.6579923378976509,0.5956592778405488,0.7180740228924124,0.28044440820805644,0.189619570384029,0.36458939111977345,0.05350992828607559,0.10288661094382406,0.0,
M_AB_22__histgb,M_AB_22,histgb,AB,22,logreg,0.659543887055723,0.5976982167515624,0.7184680481689419,0.27673429638145153,0.18918053540111843,0.3610580668329996,0.21932161743037806,0.4175540967078197,0.0015515491580718743,0.8913516572122426
M_AB_22__histgb,M_AB_22,histgb,AB,22,histgb,0.5954176164591736,0.5244820887193131,0.6577191493961385,0.25195111149256394,0.16535055396837073,0.3377026581669487,0.20428209949124385,0.37804672757033164,-0.06257472143847742,0.09215895056761503
M_AB_22__histgb,M_AB_22,histgb,AB,22,mlp,0.6712442680354307,0.6119228895534112,0.7299549109110864,0.27348584756968025,0.1862450851997626,0.35773169670425153,0.04174359142780304,0.012004282519221303,0.013251930137779588,0.24234141468630144
M_A_gg__extratrees,M_A_gg,extratrees,A,gg,NINGUNO_base,0.6567410028746168,0.5969472365405576,0.7149193857230391,0.2732089624256055,0.19175322107596507,0.3619681859062886,0.04135897010564804,0.029516514204442502,0.0,
M_A_gg__extratrees,M_A_gg,extratrees,A,gg,logreg,0.6629259454088492,0.6052331224692421,0.7184978531490012,0.26799261633635085,0.18657495191886997,0.3569658332534696,0.22195879206403218,0.42238121777175414,0.006184942534232296,0.7564139666708469
M_A_gg__extratrees,M_A_gg,extratrees,A,gg,histgb,0.6228672840982152,0.5587716220130655,0.6865216505702066,0.23384022012330052,0.15734626616078243,0.317842582340106,0.22077681987078568,0.38328481224242744,-0.03387371877640155,0.34290663881671923
M_A_gg__extratrees,M_A_gg,extratrees,A,gg,mlp,0.6676390416527188,0.6086565669865146,0.7264287587518126,0.27505049712422824,0.19462990487325094,0.3624976224555991,0.04083280265331268,0.011339339233934877,0.010898038778101915,0.5366193365184284
M_A_gg__lgbm,M_A_gg,lgbm,A,gg,NINGUNO_base,0.64768144357834,0.5764271122217527,0.7060505984069303,0.20173042040520975,0.1260515874948172,0.286143947456955,0.04616813734173775,0.02648537799715996,0.0,
M_A_gg__lgbm,M_A_gg,lgbm,A,gg,logreg,0.6437706895360761,0.5813753317559617,0.6993982272442784,0.1471306776183247,0.0945962300163095,0.22208712200087152,0.24046462892098805,0.4380943008953637,-0.00391075404226382,0.8306198324458072
M_A_gg__lgbm,M_A_gg,lgbm,A,gg,histgb,0.46221552718133463,0.39232181547059536,0.5274916131014853,0.06152650601666483,0.04154583291708737,0.08938659367533049,0.18323973204247945,0.32917854582799966,-0.18546591639700527,0.00034182121715931046
M_A_gg__lgbm,M_A_gg,lgbm,A,gg,mlp,0.6106993129612803,0.546903456429968,0.6653086027569783,0.08195140046896394,0.05852127949413945,0.12556780545590734,0.046753060072660446,0.007398635417222979,-0.03698213061705957,0.07318004154394853
M_AB_gg__rf,M_AB_gg,rf,AB,gg,NINGUNO_base,0.6471899425608,0.5838560918261878,0.7086541997367647,0.28370876991555516,0.20077518892389362,0.36567187670703083,0.04113810509443283,0.019775588519871233,0.0,
M_AB_gg__rf,M_AB_gg,rf,AB,gg,logreg,0.6573387743824356,0.59422779664914,0.7175464368122813,0.2847218024396421,0.20128766860149735,0.3677784478658005,0.21139708810273736,0.4074817441536246,0.010148831821635396,0.3620396018186436
M_AB_gg__rf,M_AB_gg,rf,AB,gg,histgb,0.6026440097981391,0.5356279428004199,0.6664645892041761,0.27652498317791546,0.19027040164868642,0.3627529772299252,0.18994610615986302,0.3449679291035167,-0.044545932762660945,0.09441374803492253
M_AB_gg__rf,M_AB_gg,rf,AB,gg,mlp,0.6538796699238572,0.5904161912431845,0.7134833085163056,0.2846750665192662,0.20087379339683603,0.3667504399557491,0.0410890057682991,0.008661599457263946,0.006689727363057063,0.5562626264346497
M_AB_22__rf,M_AB_22,rf,AB,22,NINGUNO_base,0.6458190532362021,0.5806047245318987,0.7076834712157791,0.27415309492174705,0.1831115235741937,0.3594023170491636,0.0417671874165535,0.02531025289744139,0.0,
M_AB_22__rf,M_AB_22,rf,AB,22,logreg,0.6526309916630801,0.5910147320921645,0.71572464752378,0.2744964234870504,0.18599538153471237,0.358106183400814,0.20909557101176726,0.4035470786438852,0.006811938426877884,0.5376739172749192
M_AB_22__rf,M_AB_22,rf,AB,22,histgb,0.6299050473169359,0.5673138092876879,0.6954380281481881,0.24054749797167485,0.1524727739656543,0.32527298712817715,0.18771954623482281,0.33869630559836333,-0.015914005919266394,0.49774151473174877
M_AB_22__rf,M_AB_22,rf,AB,22,mlp,0.6503089814504859,0.5876454258182553,0.7141278815145085,0.2742695611685898,0.18738960853221473,0.35720132968014756,0.04074598848819733,0.007642986051738263,0.004489928214283845,0.7044613929921406
M_AB_gg__logreg_l1,M_AB_gg,logreg_l1,AB,gg,NINGUNO_base,0.645811082949431,0.5807084597204532,0.7052881031866463,0.17878180351231882,0.1083932337913646,0.26515832933466416,0.13389752805233002,0.2350430892128497,0.0,
M_AB_gg__logreg_l1,M_AB_gg,logreg_l1,AB,gg,logreg,0.6525911402292255,0.5958694269037474,0.7037744228594022,0.15130372816607543,0.09328173372022781,0.23328285136174576,0.2353894466359008,0.4295059220321028,0.006780057279794249,0.6781506747292418
M_AB_gg__logreg_l1,M_AB_gg,logreg_l1,AB,gg,histgb,0.6114192955329198,0.5543491715091383,0.6642666961066053,0.13793104732210867,0.08197335405333454,0.21152256389769747,0.19559674790697923,0.35664941554361856,-0.034391787416511166,0.19541108987305877
M_AB_gg__logreg_l1,M_AB_gg,logreg_l1,AB,gg,mlp,0.5466128937985856,0.4906626079496705,0.6003463548190012,0.054828949999003035,0.0432872088942141,0.07604041308823721,0.047353263944387436,0.01107029709406197,-0.09919818915084555,0.002424051094872093
M_AB_gg__extratrees,M_AB_gg,extratrees,AB,gg,NINGUNO_base,0.6453620901280028,0.579979864102269,0.707360157498391,0.26488051982089805,0.18561778189820147,0.3511825937417929,0.04109259322285652,0.02107728326693176,0.0,
M_AB_gg__extratrees,M_AB_gg,extratrees,AB,gg,logreg,0.6575353747894517,0.5964047067650461,0.7128260517424834,0.2637197278627526,0.1821930679713345,0.3487897459048936,0.21777848983288442,0.41675402702494263,0.012173284661448847,0.3877725367537974
M_AB_gg__extratrees,M_AB_gg,extratrees,AB,gg,histgb,0.6543552303678553,0.5960849132414464,0.7162542195203396,0.24995382407283184,0.17262495958913185,0.33507623054691205,0.20971245879759334,0.3800358742174919,0.008993140239852426,0.7875230329877496
M_AB_gg__extratrees,M_AB_gg,extratrees,AB,gg,mlp,0.6715471389327254,0.6139887135065425,0.7318085156327375,0.2671037990162953,0.18719967139122284,0.3515084620849932,0.040458329021930695,0.007113991215825083,0.02618504880472272,0.0582768624418839
M_AB_gg__logreg_l2,M_AB_gg,logreg_l2,AB,gg,NINGUNO_base,0.6442861014139288,0.5864338309636098,0.6990621704980519,0.16060742009704917,0.10075721250911149,0.23392013831130334,0.10270150750875473,0.14820122261159124,0.0,
M_AB_gg__logreg_l2,M_AB_gg,logreg_l2,AB,gg,logreg,0.6482446771768181,0.5876877717289157,0.7036512552840197,0.14272890438379787,0.08842787380865251,0.2179504297805419,0.23402643792401345,0.427191222436877,0.0039585757628892715,0.8158185181870672
M_AB_gg__logreg_l2,M_AB_gg,logreg_l2,AB,gg,histgb,0.6044160702235399,0.5495556233237718,0.6625385714075089,0.11693366447918326,0.07259122248739627,0.1807418856927487,0.1990353885725718,0.3551993789123339,-0.0398700311903889,0.19485912614302636
M_AB_gg__logreg_l2,M_AB_gg,logreg_l2,AB,gg,mlp,0.5758425921497989,0.5206343695703384,0.6262844871579641,0.06328567884214419,0.048631956628422894,0.09087927797493921,0.04729044437408447,0.010338196571916342,-0.06844350926413012,0.01823599590543501
M_AB_gg__xgb,M_AB_gg,xgb,AB,gg,NINGUNO_base,0.6438211680189587,0.5808288035661436,0.6990799805119415,0.2753431524910536,0.18729388888666892,0.35733424790155166,0.15402545034885406,0.3325739236623049,0.0,
M_AB_gg__xgb,M_AB_gg,xgb,AB,gg,logreg,0.654384454752682,0.5960624256331216,0.7122901824250254,0.2678705635723148,0.1863640332331071,0.347950588515358,0.2270221283953744,0.42680777388233815,0.01056328673372331,0.508651423935766
M_AB_gg__xgb,M_AB_gg,xgb,AB,gg,histgb,0.6206515443759,0.5566031491490925,0.6792965436422774,0.21778031920510782,0.13650981655289002,0.29980820256414875,0.19637897909764662,0.3546823652652094,-0.023169623643058634,0.5254585038781951
M_AB_gg__xgb,M_AB_gg,xgb,AB,gg,mlp,0.4813017072354263,0.4196431837549771,0.5432003526226254,0.06071795793437204,0.04191174699742865,0.10415503841728353,0.047399017959833145,0.012242356376722455,-0.16251946078353224,0.00033463349471629655
M_A_22__mlp,M_A_22,mlp,A,22,NINGUNO_base,0.6421553780838367,0.5763570552840985,0.7030156226528466,0.2266049209799518,0.14258623477252266,0.3144610320509493,0.18969738483428955,0.36329098261892795,0.0,
M_A_22__mlp,M_A_22,mlp,A,22,logreg,0.6540311053725048,0.5890068335308049,0.7133384221152707,0.2343880409083616,0.15085710979514674,0.32354245250774266,0.21927759918663792,0.40894543103979125,0.011875727288667814,0.1519949698140941
M_A_22__mlp,M_A_22,mlp,A,22,histgb,0.6352929611740763,0.5749972736668074,0.695924480964642,0.20615975870085673,0.12522000291112262,0.2939735684802312,0.18447946190078976,0.3360389269980092,-0.006862416909760416,0.7640177681853206
M_A_22__mlp,M_A_22,mlp,A,22,mlp,0.5078826136164379,0.448069731261873,0.5725207478644048,0.05243120517452658,0.0405622782542039,0.07119128265893897,0.047550003975629807,0.015442649336531758,-0.1342727644673989,5.432040640585001e-05
M_A_22__lgbm,M_A_22,lgbm,A,22,NINGUNO_base,0.6415204119044203,0.5798915465221579,0.7052490520215199,0.28779621458728233,0.20156356763117603,0.371650301443732,0.04235329478979111,0.025568417210131884,0.0,
M_A_22__lgbm,M_A_22,lgbm,A,22,logreg,0.6580135919957066,0.6015889847158934,0.7202002491724796,0.2851485431663655,0.19853775090279466,0.36968161154790913,0.22292451242806208,0.42306689956749544,0.016493180091286308,0.21385296007555166
M_A_22__lgbm,M_A_22,lgbm,A,22,histgb,0.6465948278152382,0.5898627204528436,0.7082572296251706,0.2233079686730087,0.1414691454895786,0.31644421210028756,0.19813267614556912,0.36281206027542867,0.005074415910817809,0.8716379826741025
M_A_22__lgbm,M_A_22,lgbm,A,22,mlp,0.5849951381250698,0.5291329928498064,0.640581720358285,0.06449905964209152,0.050878772675537594,0.08751065300605268,0.04717852920293808,0.010755054295063017,-0.05652527377935046,0.011043551679895902
M_AB_22__mlp,M_AB_22,mlp,AB,22,NINGUNO_base,0.638637824855605,0.570713885161336,0.7015022239252275,0.24177158278792624,0.15999579821038176,0.3309504553940799,0.17680855095386505,0.349623223412782,0.0,
M_AB_22__mlp,M_AB_22,mlp,AB,22,logreg,0.6533031525140942,0.5854397242273728,0.7108248102307209,0.2524722333207285,0.16509800213783216,0.3376237792939997,0.2170655852112966,0.40778382414430603,0.014665327658489158,0.06731345195090532
M_AB_22__mlp,M_AB_22,mlp,AB,22,histgb,0.6205984091307606,0.553777056380636,0.6842392475687241,0.2014438813493439,0.12833714553497053,0.2880083734999983,0.18210248210119753,0.33288860593673947,-0.018039415724844354,0.5193277209700915
M_AB_22__mlp,M_AB_22,mlp,AB,22,mlp,0.6501097242812129,0.5817553512845194,0.709539206818929,0.22667805595277202,0.14490522117486898,0.3166046844010855,0.0438237227499485,0.006577096652239564,0.011471899425608001,0.22235689926994584
M_A_gg__xgb,M_A_gg,xgb,A,gg,NINGUNO_base,0.6372908463913198,0.573092257045172,0.7033299238013626,0.27354445812726064,0.18427049799409131,0.3561920454805591,0.1465410590171814,0.31982480648905043,0.0,
M_A_gg__xgb,M_A_gg,xgb,A,gg,logreg,0.6522218502755063,0.5884294525935941,0.7133384869841444,0.26895193087949426,0.18607790503474847,0.3510024515925535,0.22472595197905643,0.42375331539308914,0.014931003884186445,0.27703429770485943
M_A_gg__xgb,M_A_gg,xgb,A,gg,histgb,0.617827406096738,0.5507998318168189,0.685090173323121,0.23640609034783183,0.15574352473678774,0.3210904539408274,0.17833650860645206,0.33399391840926523,-0.019463440294581913,0.5061272112614503
M_A_gg__xgb,M_A_gg,xgb,A,gg,mlp,0.6592463296829421,0.5971711357730495,0.7203391962418991,0.27184079501839464,0.18552543222361845,0.3558955240595439,0.04255326837301254,0.015518695479258895,0.021955483291622113,0.1255501964722141
M_A_22__logreg_en,M_A_22,logreg_en,A,22,NINGUNO_base,0.6348120872055645,0.5643115118096211,0.7001756016294242,0.2440160074420548,0.1603292890248777,0.3307781327693271,0.16173946857452393,0.3018330148886889,0.0,
M_A_22__logreg_en,M_A_22,logreg_en,A,22,logreg,0.6449237243556023,0.5838621483944466,0.7053571871993061,0.21275109565604453,0.13828925552721785,0.30396071123587903,0.23314495090255638,0.42689891669186714,0.010111637150037933,0.5127730853805053
M_A_22__logreg_en,M_A_22,logreg_en,A,22,histgb,0.6036057577351633,0.5371587933699801,0.6710474641399478,0.1962166328233174,0.1261299938768949,0.2756286691180409,0.19745969897833504,0.35828951175526785,-0.03120632947040114,0.39511528088682235
M_A_22__logreg_en,M_A_22,logreg_en,A,22,mlp,0.46547537447064014,0.4079591941626792,0.5225398619863671,0.047346487447069034,0.036491548734873064,0.06739448438780726,0.04770370572805405,0.01381238154321909,-0.16933671273492423,2.0359019234250653e-05
M_A_22__extratrees,M_A_22,extratrees,A,22,NINGUNO_base,0.6346898761417437,0.5725765646194502,0.6976309025347934,0.26398533997391566,0.17599935278334145,0.35095632815406763,0.04155634343624115,0.03070358107984066,0.0,
M_A_22__extratrees,M_A_22,extratrees,A,22,logreg,0.6487175808585595,0.5889008806093879,0.7057526010232005,0.2590616245936585,0.17545989867387338,0.34668455240122076,0.22053775046857055,0.42030217188440344,0.014027704716815692,0.47049514723607255
M_A_22__extratrees,M_A_22,extratrees,A,22,histgb,0.6418126557526873,0.5794267465505077,0.6997970566568616,0.2339927774686918,0.15364377976221985,0.31478465575395564,0.22155817986201673,0.39737570677656253,0.0071227796109436525,0.8230481538332477
M_A_22__extratrees,M_A_22,extratrees,A,22,mlp,0.6524901832634604,0.5933017172207531,0.7123029320312264,0.26657340494931214,0.17917027188419646,0.35467743866692747,0.040969863533973694,0.009461379181593654,0.017800307121716874,0.27573254283772286
M_A_22__logreg_l1,M_A_22,logreg_l1,A,22,NINGUNO_base,0.6340469396755563,0.5662798413823044,0.6991105117125714,0.18342141811675033,0.11265554244967346,0.2756947045535363,0.09454446285963058,0.15171742985397577,0.0,
M_A_22__logreg_l1,M_A_22,logreg_l1,A,22,logreg,0.647676130053826,0.589909028067444,0.7051528650983215,0.15203138093312546,0.09657996847518634,0.2276399948810792,0.23695994044049284,0.43372014301218825,0.013629190378269818,0.5093397005156937
M_A_22__logreg_l1,M_A_22,logreg_l1,A,22,histgb,0.5930185601411273,0.5369589663750706,0.6520095100969133,0.11147138960025005,0.06623524660720129,0.17855260786927588,0.20116409140219796,0.37046038023844435,-0.04102837953442917,0.3094795020702492
M_A_22__logreg_l1,M_A_22,logreg_l1,A,22,mlp,0.5080260787783145,0.4473066310561979,0.5657682426303587,0.051921975302495704,0.04027006237979116,0.07094315265074957,0.0474928580224514,0.01150309386104345,-0.12602086089724185,0.0015701364306996979
M_AB_22__xgb,M_AB_22,xgb,AB,22,NINGUNO_base,0.6329550103879404,0.5670719359476027,0.6974028723982671,0.2884421775117224,0.2015838584619071,0.3752894973770075,0.10939883440732956,0.25262690186500547,0.0,
M_AB_22__xgb,M_AB_22,xgb,AB,22,logreg,0.6440177684259746,0.5828719689105948,0.7051132808945758,0.2683090462412956,0.18251073953772484,0.3565348878690039,0.21975254086532792,0.41610548600883807,0.011062758038034248,0.4245608156196663
M_AB_22__xgb,M_AB_22,xgb,AB,22,histgb,0.6210952236728144,0.5565260512290753,0.6839039281372838,0.2586332273692252,0.17417591713146968,0.3437190833020194,0.1765212985887192,0.33115176949641195,-0.011859786715125997,0.7196337464787845
M_AB_22__xgb,M_AB_22,xgb,AB,22,mlp,0.47165234671810163,0.4139821392174701,0.5351726178258225,0.05010141342961633,0.03808806558168661,0.07097631916142307,0.047454725950956345,0.0136882998496294,-0.1613026636698388,4.219242659186939e-05
M_AB_22__logreg_l1,M_AB_22,logreg_l1,AB,22,NINGUNO_base,0.6216611140335497,0.5542597083423966,0.6845312888520514,0.15616799935782122,0.09748021723206736,0.235818115960603,0.09668293595314026,0.150604982919991,0.0,
M_AB_22__logreg_l1,M_AB_22,logreg_l1,AB,22,logreg,0.6415708903873029,0.5823266593797356,0.6994287885066998,0.1436836021289373,0.09178472105837976,0.21974144400711204,0.23278349071345691,0.42716185734679696,0.019909776353753128,0.19025327575115125
M_AB_22__logreg_l1,M_AB_22,logreg_l1,AB,22,histgb,0.5973384555709649,0.5345502354456793,0.6594418257607721,0.10909313937686468,0.07045468495823255,0.1738805405483658,0.2063119072734168,0.36870320710653764,-0.024322658462584856,0.3887817261241997
M_AB_22__logreg_l1,M_AB_22,logreg_l1,AB,22,mlp,0.5406245516713691,0.48874508350209067,0.5889671436216722,0.051078022541928406,0.04159625784228593,0.0659656479882631,0.047576263546943665,0.011182517232373356,-0.08103656236218038,0.00918666519558431
M_AB_22__logreg_l2,M_AB_22,logreg_l2,AB,22,NINGUNO_base,0.6184570587516406,0.5518163790880528,0.679604953353641,0.19000417896229982,0.1203081692617527,0.27318044999060037,0.0672004222869873,0.08007567015290261,0.0,
M_AB_22__logreg_l2,M_AB_22,logreg_l2,AB,22,logreg,0.632025143598,0.5740661836191681,0.68769739708569,0.15794574825462326,0.09826557080096406,0.24093582326546076,0.23305948935287985,0.42889649571765526,0.013568084846359296,0.47413048842794714
M_AB_22__logreg_l2,M_AB_22,logreg_l2,AB,22,histgb,0.6179044522021903,0.555377363913424,0.6847512754685348,0.16970807734657165,0.10876089447821374,0.24708942722174648,0.20008688145507544,0.3630700371033406,-0.0005526065494503296,0.9864461134184246
M_AB_22__logreg_l2,M_AB_22,logreg_l2,AB,22,mlp,0.5794185941476842,0.5225639753944288,0.6318812190062263,0.06275075881415848,0.04780206812697378,0.08984211588823024,0.04774961248040199,0.020821755610406403,-0.039038464603956435,0.12943158041245884
M_AB_22__logreg_en,M_AB_22,logreg_en,AB,22,NINGUNO_base,0.6174315485204491,0.550390741173236,0.6788703277910729,0.24040565312955461,0.15298752685205472,0.33086003779362444,0.18432992696762085,0.3383756996747106,0.0,
M_AB_22__logreg_en,M_AB_22,logreg_en,AB,22,logreg,0.6325804069097073,0.5738080919325873,0.6890779158302466,0.2300292982197737,0.14706851652739067,0.31751988235702233,0.23219933541536242,0.4235491740445689,0.015148858389258057,0.21842828415767634
M_AB_22__logreg_en,M_AB_22,logreg_en,AB,22,histgb,0.65535151621422,0.5945447273773492,0.7168423505319536,0.232890093157941,0.15380391249890707,0.3201170939611454,0.19104763511538456,0.3466095787255065,0.03791996769377104,0.18794662713491617
M_AB_22__logreg_en,M_AB_22,logreg_en,AB,22,mlp,0.46908325761560904,0.40574924294706904,0.5272320217154595,0.048908993845689586,0.03722806628113233,0.0708795719950215,0.04771469905972481,0.013382337244227528,-0.14834829090484009,0.0001554368289946595
M_AB_22__extratrees,M_AB_22,extratrees,AB,22,NINGUNO_base,0.617250888686975,0.5512788909419236,0.6825259536733542,0.2584887990908911,0.1755527328026203,0.3435590061303103,0.04069763794541359,0.004894064515829085,0.0,
M_AB_22__extratrees,M_AB_22,extratrees,AB,22,logreg,0.6389141281303301,0.5764226175762028,0.7007978895618736,0.2605020794316788,0.1781694800822243,0.3455080098776042,0.21170346737560505,0.4077927479342318,0.02166323944335513,0.04763186608422365
M_AB_22__extratrees,M_AB_22,extratrees,AB,22,histgb,0.6568021084065272,0.5921680739388968,0.7181259710463999,0.23831577489154382,0.1588140614073357,0.3254669900634902,0.19239951998360477,0.3668107432345901,0.03955121971955211,0.09831630945802283
M_AB_22__extratrees,M_AB_22,extratrees,AB,22,mlp,0.6414141414141414,0.5823157875593875,0.7018036226972808,0.26174090511375986,0.17901902089433783,0.34546499606040704,0.0404258668422699,0.006131700333207845,0.024163252727166462,0.057933273965189214
M_A_22__logreg_l2,M_A_22,logreg_l2,A,22,NINGUNO_base,0.6158215505927236,0.5499189420898144,0.6800360161305568,0.19799937735951145,0.11974517333565134,0.28556288399796553,0.07333654910326004,0.09033992228284478,0.0,
M_A_22__logreg_l2,M_A_22,logreg_l2,A,22,logreg,0.6341133587319805,0.5762064397673288,0.6926203488804772,0.1787561931678344,0.10753123831759324,0.2675655009399019,0.23474612958800845,0.431177905554756,0.018291808139256904,0.4036334409625788
M_A_22__logreg_l2,M_A_22,logreg_l2,A,22,histgb,0.5249655949287722,0.4678803360671404,0.5810070229214871,0.0988023155597223,0.055923808133233624,0.16194194702703557,0.19436683191427015,0.3402331899777174,-0.09085595566395144,0.035931679502604785
M_A_22__logreg_l2,M_A_22,logreg_l2,A,22,mlp,0.5291871901551018,0.47160210676032605,0.5863789816753011,0.05434068955630281,0.042709815733285965,0.0735778056336769,0.04755915701389313,0.014623100025579334,-0.08663436043762185,0.013498596492663273
M_AB_22__lgbm,M_AB_22,lgbm,AB,22,NINGUNO_base,0.6088316090946286,0.5453249615232658,0.676014973772338,0.2675954448840657,0.17840631574446306,0.34902690636603206,0.04411640018224716,0.03356240501627326,0.0,
M_AB_22__lgbm,M_AB_22,lgbm,AB,22,logreg,0.629692506336378,0.5693524417570364,0.6943170910522466,0.266946238081331,0.1799823997309937,0.3497965453406352,0.2234235400594821,0.4212488525611313,0.020860897241749443,0.07895351537714745
M_AB_22__lgbm,M_AB_22,lgbm,AB,22,histgb,0.5694477653972656,0.5076555743988984,0.6278174490902749,0.10837281856396638,0.06755583902295385,0.17082188402720053,0.2175989990259082,0.3899533100076685,-0.03938384369736281,0.1620465934863775
M_AB_22__lgbm,M_AB_22,lgbm,AB,22,mlp,0.6341399263545502,0.5728289502767916,0.6963276007695557,0.25245083418906566,0.1678187583790385,0.3402973944884794,0.04362175613641739,0.013920310869812965,0.025308317259921664,0.013889031495850857
